,epsilon,initial_unfairness,acc,sex,age_25_45,age_25,age_45,priors_0,priors_1_3,priors_3,charge_deg_F,charge_deg_M
0,0.07,0.039034132296297396,0.6420454545454546,0.0018560632242425046,0.0005303036606061906,0.005037882278787875,0.004507575418181364,0.008219700872727609,0.012992429066666922,0.021212126739392878,0.0031818199272730108,0.0031818199272730108
