,epsilon,initial_unfairness,acc,sex,age_25_45,age_25,age_45,priors_0,priors_1_3,priors_3,charge_deg_F,charge_deg_M
0,0.12,0.022314478535339716,0.6212121212121212,0.0013636341757518045,0.001818182060607465,0.005000001278792965,0.0031818160181771027,0.006818179727269336,0.012272726466668549,0.005454543539390677,0.004999998672725325,0.004999998672725325
1,0.08,0.034608378981422105,0.6212121212121212,0.0003030157242470133,0.0030303062393930436,0.0009091044212081179,0.0021212249181781495,0.003939384772729926,0.003939398633331703,2.309999874716695e-08,0.004545449227274456,0.004545449227274456
