,epsilon,initial_unfairness,acc,sex,race,age_10,age_20,age_30,age_40,age_50,age_60,age_70,edu6,edu7,edu8,edu9,edu10,edu11,edu12,edu_>6,edu_>12
0,0.41000000000000003,0.002075593919470038,0.7707267144319345,3.350022370618433e-09,0.0036929399570465316,0.002853636581114205,0.0026857745192658544,0.006714433613651705,0.011078810892828583,0.0018464664031774547,0.0020143325111638966,0.0013428831788591944,0.001678611173135159,0.0008393070771247207,0.0003357248732605289,0.011246674811773272,0.008057320266023793,0.0025179150469498007,0.00016786391552904567,0.0003357185900824608,0.02450767512325233
