,epsilon,initial_unfairness,acc,sex,race,age_10,age_20,age_30,age_40,age_50,age_60,age_70,edu6,edu7,edu8,edu9,edu10,edu11,edu12,edu_>6,edu_>12
0,0.4,0.04165051778895367,0.7707267144319345,0.002456498484302405,0.0019652020369366474,0.00212896930098571,0.0036028643608280175,0.003602867693562606,0.006878196972927159,0.004421701676710799,0.0013101360310380922,0.0009825966189949235,0.0011463696530017997,0.0014738966830060221,0.00032753000687685274,0.002128967531704884,0.00032753514592664956,0.0008188362468205257,0.0018014299246030055,0.004585462910210607,0.0037666343966517857
1,0.05,0.07447960910335799,0.7707267144319345,6.140546576011152e-05,0.00038893094703407183,0.0004093978511031729,0.000184226669245946,0.00036846478363561364,0.001637678382846952,0.0006345806668102416,0.00020469000115272418,0.000163786888870171,0.0003889258231245668,0.0001023734928862971,2.105994365529662e-08,0.002272254521769934,0.001269179716005736,0.0003479849569389265,0.00010233456551811404,0.00042990636009380967,0.003848526573273031
