,epsilon,initial_unfairness,acc,sex,race,age_10,age_20,age_30,age_40,age_50,age_60,age_70,edu6,edu7,edu8,edu9,edu10,edu11,edu12,edu_>6,edu_>12
Adult_SP,0.49,-0.06676337898962206,0.7888631090487239,1.6443928663179008e-08,0.004948808158698442,0.00454754938434708,0.02140029281793035,0.005350067292115901,0.017387753769959602,0.011502673792086915,0.001203781312748592,0.0012037828387744913,0.005483811602337865,0.008693857237122064,0.0014712546396469465,0.029559160137862472,0.030629171782759035,0.005216308464212442,0.0038787892337766305,0.0029425266836511157,0.0878749948882695
