,epsilon,initial_unfairness,acc,sex,race,age_10,age_20,age_30,age_40,age_50,age_60,age_70,edu6,edu7,edu8,edu9,edu10,edu11,edu12,edu_>6,edu_>12
Adult_EO_Y0,0.47000000000000003,0.003987901809669445,0.7888631090487239,0.001539516695173826,0.002088175922638519,0.0008352782002628012,0.002134577149876221,0.001113695284065186,0.0026450043380072397,0.001995350192145501,0.0004176446311692783,0.00013922356513181022,0.0007888752382462713,0.001902563913034526,0.0005104533715517591,0.008584690869824774,0.01201856807871382,0.0014385267001269589,0.0013457195896875787,0.0010208701084349348,0.025568437632317587
Adult_EO_Y1,0.17,-0.03810155086808888,0.7888631090487239,0.0007888672451426548,0.002088175922638519,0.0008352782002628012,0.002134577149876221,0.001113695284065186,0.0026450043380072397,0.001995350192145501,0.0004176446311692783,0.00013922356513181022,0.0007888752382462713,0.001902563913034526,0.0005104533715517591,0.008584690869824774,0.01201856807871382,0.0014385267001269589,0.0013457195896875787,0.0010208701084349348,0.025568437632317587
