,epsilon,initial_unfairness,acc,sex,age_25_45,age_25,age_45,priors_0,priors_1_3,priors_3,charge_deg_F,charge_deg_M
COMPAS_SP,0.14,-0.0232558146418586,0.6363636363636364,0.0014141476393953467,0.004242425089899748,0.0017676705909077939,0.006010105580810221,0.009898984435352365,0.015202015728282225,0.02510101006363824,0.008838385453536601,0.008838385453536601
