,Sex = M,Age < 25,25 <= Age <= 45,Age > 45,Prior Crimes = 0,1 <= Prior Crimes <= 3,Prior Crimes > 3,Charge Degree = Felony,Original
0,0.8169507604000001,0.2044507576000001,0.5725378808000019,0.22301136479999997,0.2976325756000005,0.39157196960000135,0.31079545800000025,0.6142045476000016,0
