,Sex = M,Age < 25,25 <= Age <= 45,Age > 45,Prior Crimes = 0,1 <= Prior Crimes <= 3,Prior Crimes > 3,Charge Degree = Felony,Original
0,0.8162878787878788,0.20643939393939395,0.571969696969697,0.2215909090909091,0.30113636363636365,0.3958333333333333,0.30303030303030304,0.6136363636363636,1
