,epsilon,initial_unfairness,acc,sex,race,age_10,age_20,age_30,age_40,age_50,age_60,age_70,edu6,edu7,edu8,edu9,edu10,edu11,edu12,edu_>6,edu_>12
0,0.48,0.0019587650363721934,0.7815762538382804,0.002947798284179959,0.0035373616370907857,0.0033408423011562077,0.0013756414393113758,0.005699080453702543,0.01179119569278414,0.003340841716866716,0.0007860769287942326,0.0011791165388193026,0.0021617227331754106,0.0001965168828345909,0.00039304319330066284,0.0076642796518303635,0.005502560746069113,0.0013756427669903981,0.0005895567644302394,0.0029477963900418555,0.013363355603204341
1,0.12,0.0036164858302575728,0.7815762538382804,0.00014738294571670085,0.00044215508694533945,0.0009825810509923733,0.0013264989291822127,0.0002456398035714513,0.0036847612429185828,0.0009334547467183818,0.0002947616410446524,9.82802289886675e-05,0.0009334498630077306,4.914933299967478e-05,9.823940312927472e-05,0.008892520581721741,0.006092107015934378,0.001621270516826416,0.0006878002654027229,0.0004913188202041799,0.017785066913337616
