,epsilon,initial_unfairness,acc,sex,age_25_45,age_25,age_45,priors_0,priors_1_3,priors_3,charge_deg_F,charge_deg_M
0,0.16,0.0635439362962974,0.6439393939393939,0.004242426224248169,0.0036363640606073555,0.012727274478793155,0.009090907218177097,0.022424243472730865,0.027272727666668828,0.049696967939391046,0.003636364327274877,0.003636364327274877
