,Sex = M,Age < 25,25 <= Age <= 45,Age > 45,Prior Crimes = 0,1 <= Prior Crimes <= 3,Prior Crimes > 3,Charge Degree = Felony,Original
0,0.818409094,0.200075758,0.573787881,0.226136364,0.289924243,0.382196971,0.327878789,0.615454547,0