,epsilon,initial_unfairness,acc,sex,race,age_10,age_20,age_30,age_40,age_50,age_60,age_70,edu6,edu7,edu8,edu9,edu10,edu11,edu12,edu_>6,edu_>12
0,0.48,-0.0636609108233372,0.7815762538382804,3.3500475171699406e-09,0.0047164813970845265,0.004913001981150113,0.017490278159304345,0.005895600413697022,0.016900714652789278,0.007074716163138567,0.0043234362088005185,3.350100290927527e-09,0.0037338824131696417,0.0045199621571599125,0.0011791230332948398,0.037338793611816634,0.021617197466062,0.004519962126984661,0.0021617226755639707,0.0039304022099525965,0.07900102224320882
