,epsilon,initial_unfairness,acc,sex,age_25_45,age_25,age_45,priors_0,priors_1_3,priors_3,charge_deg_F,charge_deg_M
0,0.2,-0.01920083036761827,0.6439393939393939,0.0007575778242490949,0.004545455260607956,0.008333335678794074,0.003787877218176111,0.008333332527268256,0.020454547266669676,0.012121211539389831,0.010606060472725054,0.010606060472725054
1,0.06,0.05646630254863538,0.6439393939393939,0.0011363619757609744,0.0020454556606053775,0.0027272754787845133,0.0006818166181850605,0.005227275672725129,0.00022727213333428864,0.005000000339396682,0.005000002327271547,0.005000002327271547
