,epsilon,initial_unfairness,acc,sex,age_25_45,age_25,age_45,priors_0,priors_1_3,priors_3,charge_deg_F,charge_deg_M
0,0.05,0.0635439362962974,0.6439393939393939,0.0013257600242425616,0.0011363644606063872,0.0039772758787881834,0.0028409082181815037,0.007007579272727937,0.008522730666666756,0.015530306739394262,0.001136364727273187,0.001136364727273187
