,epsilon,initial_unfairness,acc,sex,age_25_45,age_25,age_45,priors_0,priors_1_3,priors_3,charge_deg_F,charge_deg_M
0,0.07,0.04339143078518634,0.6458333333333334,0.0013257600242424505,3.200003373393656e-09,0.005037882278787903,0.005037878618181307,0.010871216872727463,0.010871216266666872,0.02174242993939296,0.0015909103272729874,0.0015909103272729874
