,epsilon,initial_unfairness,acc,sex,race,age_10,age_20,age_30,age_40,age_50,age_60,age_70,edu6,edu7,edu8,edu9,edu10,edu11,edu12,edu_>6,edu_>12
0,0.05,0.07175576439775772,0.7078812691914023,0.00030706946424052806,8.186849703378796e-05,0.0003070811988970523,0.00016375581924568672,0.0014738896136353707,0.0002456619528468651,0.0010030857431902462,4.0959968847661954e-05,4.0961918870367764e-05,0.00018421751312429693,0.0002251597771136607,2.1069943881638076e-08,0.0019856628917697128,8.189505399414099e-05,0.00010237331306124642,0.0007574403044821321,0.00010233520990611533,0.0015557936232736824
1,0.09,0.046431011627208196,0.7078812691914023,0.00011054361571960492,0.0003684773569416766,0.0007369529809847161,0.0012159692191810734,0.0016581391135746526,0.00276356059291874,0.0012159651032842556,0.00081064791103716,0.0004421667789981064,0.0007001056729986008,0.00018424057699172047,0.00014739327311965277,0.006595703711724188,0.0013265118659349096,3.6850546818317786e-05,0.0002579293846054209,0.0002947769902129499,0.00843807582333539
