,epsilon,initial_unfairness,acc,sex,race,age_10,age_20,age_30,age_40,age_50,age_60,age_70,edu6,edu7,edu8,edu9,edu10,edu11,edu12,edu_>6,edu_>12
0,0.16,-0.01435136789445313,0.7078812691914023,3.350002497626292e-09,0.001179122236977942,0.00013101033897860298,0.01054657397921735,0.00982600061361083,0.005240530892883455,0.014607982783249263,3.349968566435102e-09,0.00039303673896210617,0.002161722953034958,0.0025547628170288356,0.0003930432331558948,0.021355172371752773,0.0019652016659709726,0.00045854357314543265,0.0037338765045697025,0.0034063493298240877,0.027643808843302864
