,epsilon,initial_unfairness,acc,sex,age_25_45,age_25,age_45,priors_0,priors_1_3,priors_3,charge_deg_F,charge_deg_M
0,0.17,-0.03269330576107951,0.6363636363636364,0.005151517224240204,0.0057954550606054145,0.008371214078785716,0.0025757558181842832,0.006439392727274562,0.015454546266665536,0.009015150339395483,0.0038636356727283494,0.0038636356727283494
1,0.19,-0.019226877211898568,0.6363636363636364,0.0007196949757558024,0.007916667460606874,0.00791666887878989,3.2000024297040852e-09,0.013674244272728897,0.0035984843333322636,0.010075756739391761,0.011515152727273936,0.011515152727273936
